uniqueID,subject,label
722,subj_002,F
186,subj_022,F
210,subj_024,F
230,subj_026,F
195,subj_030,F
193,subj_057,F
217,subj_077,F
220,subj_080,F
221,subj_081,F
223,subj_083,F
224,subj_084,F
232,subj_091,F
233,subj_092,F
235,subj_094,F
242,subj_101,F
254,subj_111,F
258,subj_115,F
259,subj_116,F
269,subj_125,F
271,subj_127,F
132,subj_743,M
122,subj_744,M
145,subj_745,M
60,subj_746,M
30,subj_750,M
34,subj_751,M
42,subj_758,M
44,subj_759,M
51,subj_764,M
56,subj_767,M
57,subj_768,M
66,subj_776,M
69,subj_779,M
74,subj_783,M
75,subj_784,M
77,subj_786,M
80,subj_789,M
82,subj_791,M
100,subj_802,M
105,subj_805,M
273,subj_129,F
276,subj_132,F
279,subj_134,F
287,subj_142,F
289,subj_144,F
290,subj_145,F
292,subj_147,F
298,subj_153,F
299,subj_154,F
302,subj_157,F
303,subj_158,F
304,subj_159,F
311,subj_166,F
319,subj_170,F
322,subj_173,F
324,subj_175,F
325,subj_176,F
329,subj_180,F
331,subj_182,F
340,subj_190,F
126,subj_657,M
141,subj_668,M
151,subj_674,M
158,subj_678,M
161,subj_681,M
162,subj_682,M
164,subj_684,M
166,subj_686,M
167,subj_687,M
171,subj_690,M
172,subj_691,M
173,subj_692,M
174,subj_693,M
178,subj_696,M
184,subj_699,M
417,subj_701,M
476,subj_702,M
485,subj_704,M
23,subj_722,M
31,subj_725,M
341,subj_191,F
343,subj_193,F
347,subj_197,F
349,subj_199,F
355,subj_205,F
356,subj_206,F
367,subj_217,F
373,subj_222,F
376,subj_224,F
378,subj_226,F
382,subj_230,F
383,subj_231,F
385,subj_233,F
403,subj_251,F
405,subj_253,F
416,subj_264,F
425,subj_272,F
427,subj_274,F
434,subj_281,F
442,subj_289,F
782,subj_582,M
784,subj_584,M
786,subj_586,M
790,subj_590,M
792,subj_592,M
794,subj_594,M
796,subj_596,M
799,subj_599,M
800,subj_600,M
260,subj_633,M
7,subj_636,M
93,subj_638,M
94,subj_639,M
102,subj_640,M
315,subj_641,M
314,subj_643,M
95,subj_648,M
103,subj_649,M
120,subj_652,M
125,subj_656,M
448,subj_294,F
449,subj_295,F
461,subj_307,F
473,subj_319,F
479,subj_324,F
494,subj_335,F
498,subj_339,F
505,subj_346,F
506,subj_347,F
532,subj_372,F
535,subj_375,F
537,subj_377,F
542,subj_382,F
545,subj_385,F
551,subj_391,F
552,subj_392,F
555,subj_395,F
556,subj_396,F
562,subj_401,F
584,subj_423,F
694,subj_509,M
695,subj_510,M
700,subj_515,M
701,subj_516,M
713,subj_522,M
725,subj_525,M
727,subj_527,M
729,subj_529,M
731,subj_531,M
736,subj_536,M
743,subj_543,M
752,subj_552,M
756,subj_556,M
758,subj_558,M
762,subj_562,M
764,subj_564,M
767,subj_567,M
770,subj_570,M
776,subj_576,M
781,subj_581,M
591,subj_430,F
596,subj_435,F
598,subj_437,F
603,subj_441,F
627,subj_455,F
633,subj_460,F
634,subj_461,F
640,subj_466,F
643,subj_469,F
645,subj_470,F
657,subj_477,F
660,subj_480,F
664,subj_484,F
667,subj_486,F
670,subj_489,F
678,subj_493,F
680,subj_495,F
682,subj_497,F
698,subj_513,F
704,subj_519,F
557,subj_397,M
559,subj_399,M
578,subj_417,M
580,subj_419,M
583,subj_422,M
587,subj_426,M
599,subj_438,M
600,subj_439,M
620,subj_451,M
625,subj_453,M
642,subj_468,M
655,subj_475,M
659,subj_479,M
661,subj_481,M
663,subj_483,M
665,subj_485,M
668,subj_487,M
669,subj_488,M
681,subj_496,M
693,subj_508,M
721,subj_523,F
724,subj_524,F
726,subj_526,F
728,subj_528,F
730,subj_530,F
732,subj_532,F
734,subj_534,F
735,subj_535,F
738,subj_538,F
739,subj_539,F
744,subj_544,F
745,subj_545,F
747,subj_547,F
748,subj_548,F
749,subj_549,F
754,subj_554,F
755,subj_555,F
757,subj_557,F
759,subj_559,F
760,subj_560,F
431,subj_278,M
432,subj_279,M
433,subj_280,M
436,subj_283,M
438,subj_285,M
439,subj_286,M
441,subj_288,M
446,subj_293,M
452,subj_298,M
455,subj_301,M
456,subj_302,M
459,subj_305,M
472,subj_318,M
481,subj_326,M
492,subj_333,M
499,subj_340,M
531,subj_371,M
539,subj_379,M
549,subj_389,M
553,subj_393,M
761,subj_561,F
763,subj_563,F
765,subj_565,F
766,subj_566,F
768,subj_568,F
769,subj_569,F
771,subj_571,F
773,subj_573,F
775,subj_575,F
777,subj_577,F
783,subj_583,F
787,subj_587,F
788,subj_588,F
789,subj_589,F
793,subj_593,F
795,subj_595,F
797,subj_597,F
798,subj_598,F
806,subj_604,F
807,subj_605,F
360,subj_210,M
361,subj_211,M
369,subj_219,M
371,subj_221,M
375,subj_223,M
380,subj_228,M
389,subj_237,M
391,subj_239,M
406,subj_254,M
407,subj_255,M
408,subj_256,M
409,subj_257,M
410,subj_258,M
411,subj_259,M
412,subj_260,M
414,subj_262,M
420,subj_267,M
421,subj_268,M
426,subj_273,M
429,subj_276,M
447,subj_634,F
91,subj_637,F
313,subj_642,F
144,subj_644,F
53,subj_645,F
72,subj_646,F
87,subj_647,F
113,subj_650,F
115,subj_651,F
121,subj_653,F
123,subj_654,F
124,subj_655,F
127,subj_658,F
140,subj_667,F
142,subj_669,F
154,subj_675,F
155,subj_676,F
156,subj_677,F
159,subj_679,F
163,subj_683,F
288,subj_143,M
291,subj_146,M
293,subj_148,M
294,subj_149,M
295,subj_150,M
296,subj_151,M
297,subj_152,M
300,subj_155,M
301,subj_156,M
312,subj_167,M
320,subj_171,M
321,subj_172,M
326,subj_177,M
327,subj_178,M
330,subj_181,M
345,subj_195,M
348,subj_198,M
350,subj_200,M
351,subj_201,M
352,subj_202,M
165,subj_685,F
169,subj_688,F
170,subj_689,F
176,subj_694,F
177,subj_695,F
179,subj_697,F
180,subj_698,F
190,subj_700,F
157,subj_706,F
112,subj_707,F
114,subj_708,F
118,subj_709,F
119,subj_710,F
130,subj_711,F
131,subj_712,F
153,subj_713,F
22,subj_721,F
32,subj_726,F
25,subj_729,F
19,subj_748,F
222,subj_082,M
225,subj_085,M
231,subj_090,M
234,subj_093,M
241,subj_100,M
243,subj_102,M
249,subj_107,M
251,subj_108,M
252,subj_109,M
253,subj_110,M
255,subj_112,M
256,subj_113,M
257,subj_114,M
261,subj_117,M
263,subj_119,M
268,subj_124,M
270,subj_126,M
272,subj_128,M
278,subj_133,M
280,subj_135,M
39,subj_755,F
40,subj_756,F
41,subj_757,F
48,subj_762,F
49,subj_763,F
52,subj_765,F
54,subj_766,F
59,subj_770,F
67,subj_777,F
68,subj_778,F
70,subj_780,F
71,subj_781,F
73,subj_782,F
76,subj_785,F
78,subj_787,F
79,subj_788,F
81,subj_790,F
83,subj_792,F
101,subj_803,F
104,subj_804,F
602,subj_003,M
717,subj_016,M
719,subj_017,M
720,subj_018,M
723,subj_019,M
150,subj_021,M
205,subj_023,M
214,subj_025,M
244,subj_027,M
250,subj_031,M
676,subj_033,M
135,subj_043,M
182,subj_049,M
192,subj_056,M
194,subj_058,M
204,subj_067,M
212,subj_073,M
213,subj_074,M
219,subj_079,M
430,subj_277,M