uniqueID,subject,label
722,subj_002,F
602,subj_003,M
717,subj_016,M
719,subj_017,M
720,subj_018,M
723,subj_019,M
150,subj_021,M
186,subj_022,F
205,subj_023,M
210,subj_024,F
214,subj_025,M
230,subj_026,F
244,subj_027,M
195,subj_030,F
250,subj_031,M
676,subj_033,M
135,subj_043,M
182,subj_049,M
192,subj_056,M
193,subj_057,F
194,subj_058,M
204,subj_067,M
212,subj_073,M
213,subj_074,M
217,subj_077,F
219,subj_079,M
220,subj_080,F
221,subj_081,F
222,subj_082,M
223,subj_083,F
224,subj_084,F
225,subj_085,M
231,subj_090,M
232,subj_091,F
233,subj_092,F
234,subj_093,M
235,subj_094,F
241,subj_100,M
242,subj_101,F
243,subj_102,M
249,subj_107,M
251,subj_108,M
252,subj_109,M
253,subj_110,M
254,subj_111,F
255,subj_112,M
256,subj_113,M
257,subj_114,M
258,subj_115,F
259,subj_116,F
261,subj_117,M
263,subj_119,M
268,subj_124,M
269,subj_125,F
270,subj_126,M
271,subj_127,F
272,subj_128,M
273,subj_129,F
276,subj_132,F
278,subj_133,M
279,subj_134,F
280,subj_135,M
287,subj_142,F
288,subj_143,M
289,subj_144,F
290,subj_145,F
291,subj_146,M
292,subj_147,F
293,subj_148,M
294,subj_149,M
295,subj_150,M
296,subj_151,M
297,subj_152,M
298,subj_153,F
299,subj_154,F
300,subj_155,M
301,subj_156,M
302,subj_157,F
303,subj_158,F
304,subj_159,F
311,subj_166,F
312,subj_167,M
319,subj_170,F
320,subj_171,M
321,subj_172,M
322,subj_173,F
324,subj_175,F
325,subj_176,F
326,subj_177,M
327,subj_178,M
329,subj_180,F
330,subj_181,M
331,subj_182,F
340,subj_190,F
341,subj_191,F
343,subj_193,F
345,subj_195,M
347,subj_197,F
348,subj_198,M
349,subj_199,F
350,subj_200,M
351,subj_201,M
352,subj_202,M
355,subj_205,F
356,subj_206,F
360,subj_210,M
361,subj_211,M
367,subj_217,F
369,subj_219,M
371,subj_221,M
373,subj_222,F
375,subj_223,M
376,subj_224,F
378,subj_226,F
380,subj_228,M
382,subj_230,F
383,subj_231,F
385,subj_233,F
389,subj_237,M
391,subj_239,M
403,subj_251,F
405,subj_253,F
406,subj_254,M
407,subj_255,M
408,subj_256,M
409,subj_257,M
410,subj_258,M
411,subj_259,M
412,subj_260,M
414,subj_262,M
416,subj_264,F
420,subj_267,M
421,subj_268,M
425,subj_272,F
426,subj_273,M
427,subj_274,F
429,subj_276,M
430,subj_277,M
431,subj_278,M
432,subj_279,M
433,subj_280,M
434,subj_281,F
436,subj_283,M
438,subj_285,M
439,subj_286,M
441,subj_288,M
442,subj_289,F
446,subj_293,M
448,subj_294,F
449,subj_295,F
452,subj_298,M
455,subj_301,M
456,subj_302,M
459,subj_305,M
461,subj_307,F
472,subj_318,M
473,subj_319,F
479,subj_324,F
481,subj_326,M
492,subj_333,M
494,subj_335,F
498,subj_339,F
499,subj_340,M
505,subj_346,F
506,subj_347,F
531,subj_371,M
532,subj_372,F
535,subj_375,F
537,subj_377,F
539,subj_379,M
542,subj_382,F
545,subj_385,F
549,subj_389,M
551,subj_391,F
552,subj_392,F
553,subj_393,M
555,subj_395,F
556,subj_396,F
557,subj_397,M
559,subj_399,M
562,subj_401,F
578,subj_417,M
580,subj_419,M
583,subj_422,M
584,subj_423,F
587,subj_426,M
591,subj_430,F
596,subj_435,F
598,subj_437,F
599,subj_438,M
600,subj_439,M
603,subj_441,F
620,subj_451,M
625,subj_453,M
627,subj_455,F
633,subj_460,F
634,subj_461,F
640,subj_466,F
642,subj_468,M
643,subj_469,F
645,subj_470,F
655,subj_475,M
657,subj_477,F
659,subj_479,M
660,subj_480,F
661,subj_481,M
663,subj_483,M
664,subj_484,F
665,subj_485,M
667,subj_486,F
668,subj_487,M
669,subj_488,M
670,subj_489,F
678,subj_493,F
680,subj_495,F
681,subj_496,M
682,subj_497,F
693,subj_508,M
694,subj_509,M
695,subj_510,M
698,subj_513,F
700,subj_515,M
701,subj_516,M
704,subj_519,F
713,subj_522,M
721,subj_523,F
724,subj_524,F
725,subj_525,M
726,subj_526,F
727,subj_527,M
728,subj_528,F
729,subj_529,M
730,subj_530,F
731,subj_531,M
732,subj_532,F
734,subj_534,F
735,subj_535,F
736,subj_536,M
738,subj_538,F
739,subj_539,F
743,subj_543,M
744,subj_544,F
745,subj_545,F
747,subj_547,F
748,subj_548,F
749,subj_549,F
752,subj_552,M
754,subj_554,F
755,subj_555,F
756,subj_556,M
757,subj_557,F
758,subj_558,M
759,subj_559,F
760,subj_560,F
761,subj_561,F
762,subj_562,M
763,subj_563,F
764,subj_564,M
765,subj_565,F
766,subj_566,F
767,subj_567,M
768,subj_568,F
769,subj_569,F
770,subj_570,M
771,subj_571,F
773,subj_573,F
775,subj_575,F
776,subj_576,M
777,subj_577,F
781,subj_581,M
782,subj_582,M
783,subj_583,F
784,subj_584,M
786,subj_586,M
787,subj_587,F
788,subj_588,F
789,subj_589,F
790,subj_590,M
792,subj_592,M
793,subj_593,F
794,subj_594,M
795,subj_595,F
796,subj_596,M
797,subj_597,F
798,subj_598,F
799,subj_599,M
800,subj_600,M
806,subj_604,F
807,subj_605,F
260,subj_633,M
447,subj_634,F
007,subj_636,M
091,subj_637,F
093,subj_638,M
094,subj_639,M
102,subj_640,M
315,subj_641,M
313,subj_642,F
314,subj_643,M
144,subj_644,F
053,subj_645,F
072,subj_646,F
087,subj_647,F
095,subj_648,M
103,subj_649,M
113,subj_650,F
115,subj_651,F
120,subj_652,M
121,subj_653,F
123,subj_654,F
124,subj_655,F
125,subj_656,M
126,subj_657,M
127,subj_658,F
140,subj_667,F
141,subj_668,M
142,subj_669,F
151,subj_674,M
154,subj_675,F
155,subj_676,F
156,subj_677,F
158,subj_678,M
159,subj_679,F
161,subj_681,M
162,subj_682,M
163,subj_683,F
164,subj_684,M
165,subj_685,F
166,subj_686,M
167,subj_687,M
169,subj_688,F
170,subj_689,F
171,subj_690,M
172,subj_691,M
173,subj_692,M
174,subj_693,M
176,subj_694,F
177,subj_695,F
178,subj_696,M
179,subj_697,F
180,subj_698,F
184,subj_699,M
190,subj_700,F
417,subj_701,M
476,subj_702,M
485,subj_704,M
157,subj_706,F
112,subj_707,F
114,subj_708,F
118,subj_709,F
119,subj_710,F
130,subj_711,F
131,subj_712,F
153,subj_713,F
022,subj_721,F
023,subj_722,M
031,subj_725,M
032,subj_726,F
025,subj_729,F
132,subj_743,M
122,subj_744,M
145,subj_745,M
060,subj_746,M
019,subj_748,F
030,subj_750,M
034,subj_751,M
039,subj_755,F
040,subj_756,F
041,subj_757,F
042,subj_758,M
044,subj_759,M
048,subj_762,F
049,subj_763,F
051,subj_764,M
052,subj_765,F
054,subj_766,F
056,subj_767,M
057,subj_768,M
059,subj_770,F
066,subj_776,M
067,subj_777,F
068,subj_778,F
069,subj_779,M
070,subj_780,F
071,subj_781,F
073,subj_782,F
074,subj_783,M
075,subj_784,M
076,subj_785,F
077,subj_786,M
078,subj_787,F
079,subj_788,F
080,subj_789,M
081,subj_790,F
082,subj_791,M
083,subj_792,F
100,subj_802,M
101,subj_803,F
104,subj_804,F
105,subj_805,M